<?xml version="1.0"?>
<ruleset>

   <!-- rules -->
   <rule ref="./vendor/glpi-project/coding-standard/GlpiStandard" />
   <rule ref="./vendor/phpcompatibility/php-compatibility/PHPCompatibility">
      <exclude name="PHPCompatibility.FunctionNameRestrictions.ReservedFunctionNames.FunctionDoubleUnderscore" />
   </rule>

   <!-- Indent 3 -->
   <rule ref="Generic.WhiteSpace.ScopeIndent">
      <properties>
         <property name="indent" value="3"/>
         <property name="exact" value="true"/>
      </properties>
   </rule>

   <!-- file must end by a new line -->
   <rule ref="PSR2.Files.EndFileNewline" />

   <!-- files -->
   <file>.</file>
   <exclude-pattern>vendor</exclude-pattern>

   <!-- Check for cross-version support for PHP 5.6 and higher. -->
   <config name="testVersion" value="7.2-"/>

   <!-- args -->
   <arg name="extensions" value="php,php5,inc"/>
   <arg name="encoding" value="UTF-8"/>
</ruleset>
